{
    "rmse": 0.7079308174707435,
    "mae": 0.5582563047141131,
    "r2": 0.2683707411316858
}